Crop,January-2013,January-2014,January-2015,January-2016,January-2017,January-2018,January-2019,January-2020,January-2021,January-2022,January-2023,January-2024,January-2025,February-2013,February-2014,February-2015,February-2016,February-2017,February-2018,February-2019,February-2020,February-2021,February-2022,February-2023,February-2024,February-2025,March-2013,March-2014,March-2015,March-2016,March-2017,March-2018,March-2019,March-2020,March-2021,March-2022,March-2023,March-2024,March-2025,April-2012,April-2013,April-2014,April-2015,April-2016,April-2017,April-2018,April-2019,April-2020,April-2021,April-2022,April-2023,April-2024,April-2025,May-2012,May-2013,May-2014,May-2015,May-2016,May-2017,May-2018,May-2019,May-2020,May-2021,May-2022,May-2023,May-2024,May-2025,June-2012,June-2013,June-2014,June-2015,June-2016,June-2017,June-2018,June-2019,June-2020,June-2021,June-2022,June-2023,June-2024,June-2025,July-2012,July-2013,July-2014,July-2015,July-2016,July-2017,July-2018,July-2019,July-2020,July-2021,July-2022,July-2023,July-2024,July-2025,August-2012,August-2013,August-2014,August-2015,August-2016,August-2017,August-2018,August-2019,August-2020,August-2021,August-2022,August-2023,August-2024,August-2025,September-2012,September-2013,September-2014,September-2015,September-2016,September-2017,September-2018,September-2019,September-2020,September-2021,September-2022,September-2023,September-2024,October-2012,October-2013,October-2014,October-2015,October-2016,October-2017,October-2018,October-2019,October-2020,October-2021,October-2022,October-2023,October-2024,November-2012,November-2013,November-2014,November-2015,November-2016,November-2017,November-2018,November-2019,November-2020,November-2021,November-2022,November-2023,November-2024,December-2012,December-2013,December-2014,December-2015,December-2016,December-2017,December-2018,December-2019,December-2020,December-2021,December-2022,December-2023,December-2024
Bajra,131.60,132.30,125.00,142.90,151.90,131.70,171.20,201.60,148.30,183.20,224.10,246.20,259.80,132.70,131.50,123.20,144.20,151.30,127.90,178.30,193.70,145.70,187.70,219.60,242.80,260.40,132.50,133.60,124.80,147.70,152.60,126.80,182.00,187.50,146.90,196.40,225.10,239.90,255.70,107.70,136.40,134.40,127.30,155.80,153.80,127.00,188.00,188.90,146.60,205.40,229.60,238.00,242.80,109.30,137.60,134.60,126.70,162.60,153.20,128.10,194.70,185.00,149.10,209.30,229.40,240.40,241.60,107.00,136.90,132.50,125.20,158.70,149.70,129.50,195.30,176.10,150.10,207.00,226.70,239.60,240.20,113.90,135.30,134.40,124.30,159.60,145.40,132.90,199.60,167.30,153.90,208.00,226.90,241.00,237.40,120.70,131.00,133.20,127.40,159.30,143.80,138.20,200.40,161.10,161.10,214.30,225.90,245.20,239.20,121.70,130.90,133.90,132.20,155.10,139.40,141.70,195.90,155.70,166.40,212.80,225.50,246.70,114.80,129.70,129.30,132.70,148.10,132.90,148.60,184.90,155.40,164.80,201.50,231.50,248.70,120.40,129.50,125.60,135.30,151.00,130.20,161.70,188.40,154.20,172.60,209.70,238.50,253.60,127.70,131.10,123.90,139.20,154.70,133.90,165.10,194.70,150.00,183.40,219.20,246.20,255.10
Barley,119.40,123.90,135.40,138.50,161.60,141.60,159.20,180.40,151.60,183.60,239.70,200.00,244.90,120.20,123.50,134.70,141.60,161.90,141.00,163.40,181.70,149.10,188.40,238.90,198.20,243.40,119.50,124.10,132.60,139.40,156.90,140.80,163.90,182.30,150.00,187.00,218.60,194.80,235.50,117.10,116.50,119.20,120.10,143.40,144.50,138.90,159.00,177.80,150.00,219.30,202.80,188.40,214.90,118.00,114.70,120.70,122.70,148.70,137.70,139.80,160.90,166.30,154.60,233.40,187.80,191.30,210.60,111.20,115.80,118.20,120.70,151.80,138.10,141.70,167.00,157.40,156.00,234.90,191.60,197.80,213.90,113.20,115.80,120.10,121.90,154.20,139.30,141.00,169.00,153.10,156.70,235.00,186.60,203.60,217.80,113.80,116.30,124.20,122.60,155.50,139.10,145.00,173.40,150.30,160.00,234.00,191.10,210.30,220.80,111.80,118.00,127.10,124.30,154.00,140.30,146.70,175.40,149.10,166.40,234.40,194.20,217.20,110.50,118.60,129.80,128.50,153.60,141.20,150.20,174.40,148.60,170.70,231.80,197.50,218.30,113.90,120.10,128.40,133.10,159.50,140.40,153.50,174.90,149.40,174.80,238.60,196.20,227.30,119.00,123.30,131.00,136.10,161.20,142.90,154.80,176.80,152.00,179.90,243.00,197.70,234.90
Castorseed,83.70,93.00,94.90,79.90,87.90,97.90,121.80,101.50,107.50,124.60,134.80,110.00,120.10,81.60,90.90,88.60,78.20,88.60,99.20,121.40,98.70,106.60,133.80,129.40,108.80,120.40,80.70,90.70,86.50,77.80,100.50,98.40,122.80,97.70,109.80,138.80,120.30,110.50,120.50,81.90,80.80,88.90,87.10,78.90,109.30,96.70,129.60,96.80,114.90,137.10,115.90,108.60,116.20,78.90,79.30,87.70,92.70,78.40,105.60,95.20,129.90,95.40,116.90,139.70,110.80,106.80,116.90,79.70,80.10,93.00,94.40,78.40,102.00,96.20,127.40,98.00,116.50,140.90,106.50,107.20,122.70,87.60,80.30,94.20,94.10,83.60,102.60,102.50,128.00,100.60,118.40,139.60,117.00,112.50,126.20,96.10,83.00,96.70,94.90,83.70,105.40,106.80,128.10,100.60,120.30,139.00,118.90,113.60,124.00,88.70,81.90,95.80,97.00,85.40,106.60,107.00,128.10,101.30,126.00,138.80,117.40,116.20,85.70,80.70,98.60,96.20,84.60,104.90,112.50,108.90,104.60,126.20,137.10,114.10,123.70,85.10,84.20,100.50,93.20,84.70,101.60,127.10,104.20,109.60,129.40,138.80,112.00,121.50,87.10,96.60,100.60,89.00,85.70,103.40,123.80,102.10,107.40,126.70,136.50,111.10,118.50
Cotton,91.80,111.70,86.50,90.40,111.40,110.60,115.50,109.00,109.90,159.10,172.70,152.80,149.20,93.90,111.80,83.40,87.70,113.90,106.90,113.10,107.50,113.90,173.30,171.10,151.00,148.90,100.20,107.40,83.60,85.70,114.30,103.30,117.10,107.00,116.10,185.00,169.30,157.70,148.20,89.90,98.80,106.30,89.50,89.90,111.50,102.90,125.00,106.80,114.90,209.80,172.20,155.40,148.90,92.10,100.20,106.10,93.00,93.50,109.40,105.00,125.20,104.40,116.60,235.10,165.90,149.90,149.20,92.70,105.70,108.20,91.80,104.50,110.70,116.70,124.90,106.10,125.60,226.20,161.70,150.60,148.50,102.00,111.60,106.40,91.50,116.40,110.70,121.90,123.20,106.40,131.20,203.60,157.60,155.30,149.50,103.60,116.30,104.80,90.80,115.60,110.10,122.60,120.70,92.00,134.00,219.60,162.20,152.10,152.50,97.50,115.50,95.90,91.30,111.00,106.50,120.90,117.70,94.80,132.60,201.50,164.00,156.80,91.80,111.90,90.60,86.70,105.90,100.80,121.10,113.60,99.60,141.50,179.40,159.40,151.30,92.40,107.50,88.30,86.20,102.10,101.70,122.60,109.60,105.40,147.90,183.00,158.10,149.00,92.50,105.00,89.50,89.40,103.60,107.60,119.30,108.90,107.90,146.60,178.90,152.80,148.20
Cotton (Meal/Cake),109.20,120.20,119.50,154.90,159.50,141.70,151.50,156.70,159.50,204.50,200.50,186.40,190.00,108.90,122.80,120.10,157.20,162.20,140.20,153.00,151.20,170.30,207.60,193.20,181.10,189.00,114.70,123.20,125.80,161.70,162.60,137.90,158.00,146.40,178.50,209.50,187.50,182.30,187.50,104.30,124.20,127.80,136.60,171.40,160.80,134.90,166.50,151.80,186.10,213.00,190.30,185.00,192.60,104.30,127.70,133.30,142.70,172.00,157.70,133.80,173.90,155.10,193.20,205.20,187.70,188.30,200.30,105.80,130.60,134.50,144.60,173.80,153.90,139.50,177.30,160.10,203.80,200.60,184.40,192.40,201.70,115.50,130.90,141.00,146.30,176.90,151.30,147.50,179.10,160.10,206.00,198.00,182.90,195.70,204.80,125.30,134.50,141.90,148.90,178.80,147.50,155.00,183.50,158.80,208.90,197.70,182.30,201.00,209.80,127.50,136.60,138.00,150.30,178.30,144.90,161.40,187.50,159.20,210.90,193.30,185.00,209.90,125.00,136.30,128.40,151.90,173.10,138.80,163.70,185.00,158.20,197.80,189.60,190.10,210.60,123.10,123.40,120.00,141.70,158.90,135.20,157.30,168.40,159.00,184.00,197.50,192.00,199.60,113.60,116.00,117.50,145.10,157.10,140.00,154.10,159.30,159.10,192.10,194.00,189.70,189.90
Cotton Oil,101.80,99.50,93.40,97.10,102.90,103.70,106.70,121.70,146.40,158.00,154.30,118.20,150.30,99.70,100.30,93.30,97.40,104.10,105.30,109.70,118.40,150.40,173.90,145.60,118.90,152.10,99.60,103.90,92.70,98.60,100.40,109.00,108.30,115.70,159.50,187.40,139.40,124.00,160.90,107.50,99.90,104.80,94.30,94.90,98.30,110.40,108.60,117.70,170.60,192.60,133.70,126.50,163.90,106.00,101.40,104.80,97.80,96.10,96.70,110.20,109.10,116.20,174.60,195.40,123.80,127.40,160.90,106.30,102.60,103.70,98.70,97.40,97.90,110.40,110.10,117.10,172.60,191.20,122.90,127.60,160.50,110.10,102.90,104.90,98.50,100.10,100.10,112.00,111.80,118.40,173.30,184.90,127.30,126.60,162.60,113.30,103.10,104.60,98.90,102.20,102.10,113.80,112.90,122.20,176.90,182.20,126.20,127.10,165.50,113.20,104.00,102.00,99.00,102.10,101.50,113.30,111.90,125.40,176.90,175.10,122.40,132.00,109.10,106.10,100.40,100.20,103.60,100.50,111.70,112.40,131.10,174.90,174.50,121.30,139.60,109.90,105.70,95.80,96.90,101.80,100.70,107.90,113.90,136.00,160.70,170.00,122.00,146.70,104.80,102.00,91.20,97.40,103.60,102.90,105.50,118.60,142.80,156.00,161.20,120.30,148.20
Gram,134.00,103.60,107.50,149.50,235.90,140.80,147.40,145.60,155.60,165.40,164.80,187.60,213.70,124.10,101.70,109.40,145.80,200.40,134.70,146.50,142.00,156.30,163.40,165.60,192.40,205.40,117.50,103.50,110.90,143.80,181.90,130.30,141.50,138.50,159.60,165.90,167.40,192.80,203.20,116.10,118.80,102.80,115.30,159.10,183.40,127.00,144.10,146.70,165.10,164.80,169.40,195.80,203.60,127.50,117.00,103.10,126.40,172.80,179.30,124.30,146.20,144.80,171.50,162.00,167.00,202.00,199.60,130.70,113.60,99.60,135.00,188.50,174.00,121.60,146.50,143.80,169.50,161.30,166.50,209.80,196.40,143.70,110.00,97.80,137.90,227.10,176.00,128.30,145.90,144.30,165.00,163.20,166.20,212.90,197.70,149.90,107.90,100.40,142.30,225.70,176.70,135.70,145.10,144.80,167.60,165.90,174.20,224.10,203.70,148.90,109.30,100.20,146.30,227.40,186.90,132.50,145.50,154.80,172.60,163.10,187.20,232.50,145.50,111.00,100.80,153.00,262.30,177.90,135.70,146.60,163.60,170.90,162.00,192.10,230.60,146.00,108.80,100.50,154.80,278.90,165.00,140.80,148.30,164.30,168.80,161.20,195.70,226.80,139.40,107.30,102.60,153.80,270.30,152.90,146.70,146.30,159.80,166.00,162.90,194.10,221.40
Groundnut,128.70,100.70,110.00,123.30,134.10,113.40,123.80,139.00,156.40,167.30,189.70,195.90,174.90,125.30,99.40,111.10,124.60,132.40,114.90,125.20,142.70,162.10,165.70,198.30,190.40,170.00,121.10,99.30,115.00,128.90,137.70,114.30,126.80,149.80,170.40,169.10,197.40,189.70,172.40,112.50,124.70,100.40,119.70,139.10,139.80,109.60,129.50,155.80,167.70,171.20,197.80,187.70,172.60,114.00,122.20,103.90,127.30,143.40,136.20,107.50,134.50,157.70,163.40,174.30,196.80,189.90,168.40,113.90,115.80,102.50,135.70,146.10,133.20,109.70,140.30,158.80,163.30,171.00,200.10,185.50,170.40,116.70,110.30,103.50,133.10,150.00,127.60,112.40,147.10,156.50,160.00,172.00,203.90,182.20,170.70,122.90,106.20,106.30,134.80,145.50,124.30,119.90,149.60,154.20,161.90,175.30,203.00,180.00,164.10,122.00,107.10,109.80,136.10,140.30,118.00,118.20,150.20,145.50,162.90,175.20,201.00,176.70,121.50,107.60,109.00,122.30,132.30,116.90,118.80,148.80,145.10,160.40,175.20,201.10,175.80,121.90,104.70,106.50,122.40,126.40,117.00,125.30,140.60,146.30,163.60,176.60,197.70,177.70,125.80,100.40,105.00,126.00,131.50,113.90,122.60,137.30,149.10,165.30,181.60,200.70,175.70
Groundnut Oil,127.40,91.20,97.60,110.00,114.00,104.30,112.60,125.70,151.80,154.10,175.40,171.40,164.10,127.60,90.10,98.60,109.80,114.50,106.10,113.50,127.70,159.00,158.40,177.30,168.30,162.10,123.80,92.00,103.00,112.20,118.70,103.70,112.70,132.10,165.30,169.70,178.90,168.00,162.60,118.90,124.30,91.00,104.30,118.70,119.00,103.30,114.80,137.80,168.40,177.30,174.40,167.70,160.60,121.90,122.30,91.50,107.00,121.30,117.50,103.80,119.70,137.90,167.70,176.10,172.40,167.90,159.90,121.10,116.40,90.50,109.80,123.00,111.60,103.40,118.00,137.60,158.30,176.90,171.60,166.60,160.20,120.70,109.00,92.10,111.40,124.90,109.90,105.00,118.90,137.70,158.30,177.30,175.60,167.60,160.30,124.40,105.20,93.20,112.90,127.00,107.40,110.40,120.00,137.20,160.80,174.30,181.40,169.20,161.80,122.20,102.90,95.10,113.50,123.30,105.10,110.60,120.00,138.30,159.60,173.60,180.20,169.20,117.90,102.40,94.20,112.20,118.30,105.40,112.00,119.70,140.60,160.60,175.00,177.70,167.40,120.20,98.30,93.30,107.20,114.80,104.90,114.30,120.10,145.20,156.00,174.00,174.30,167.10,127.20,95.20,93.80,108.80,115.10,105.60,112.50,127.00,148.30,153.10,174.70,172.30,167.80
Jowar,95.20,100.80,119.20,115.40,132.30,118.30,143.00,177.10,151.90,142.70,204.00,236.40,203.10,97.90,103.00,119.60,116.10,136.00,115.90,146.60,165.60,148.70,148.90,208.80,231.80,200.30,101.90,111.30,114.40,115.80,132.10,118.10,150.40,158.20,149.00,153.90,208.30,227.60,197.50,98.30,101.70,115.70,111.30,115.50,131.60,118.00,150.90,159.10,150.50,161.90,208.00,225.80,198.00,98.20,99.50,112.80,117.40,118.70,130.50,117.00,151.10,164.70,148.80,162.70,209.20,221.30,199.00,97.00,97.70,113.90,115.70,120.90,126.90,119.30,151.20,161.30,144.70,161.70,219.60,219.60,197.10,93.70,99.50,120.70,110.70,120.10,126.30,119.60,157.60,157.50,142.60,167.00,224.10,212.80,197.40,96.20,94.50,116.10,108.40,121.40,124.50,121.90,163.60,154.30,140.30,171.70,224.70,208.20,196.50,97.20,98.00,115.00,108.40,124.00,126.10,121.40,160.00,148.00,138.40,172.90,229.70,206.90,95.50,98.40,117.00,114.40,121.90,123.30,125.80,159.60,147.80,136.80,166.10,223.40,206.70,95.60,99.50,115.30,113.40,123.20,118.50,137.70,165.00,155.20,135.40,183.60,232.20,204.10,95.00,100.80,110.30,119.20,127.80,121.30,142.30,173.20,154.60,136.40,192.80,241.10,201.40
Jute,111.50,126.30,136.80,217.30,190.20,159.50,198.50,207.10,253.80,289.40,257.40,229.20,259.50,116.30,126.20,140.80,221.70,190.60,166.80,201.30,212.40,263.00,291.20,257.00,231.40,263.60,123.80,124.80,141.60,225.80,188.30,165.80,202.60,210.20,282.60,291.60,255.60,232.10,265.30,101.60,124.00,127.60,141.10,229.40,168.90,166.10,197.30,209.10,289.90,291.40,257.10,232.40,269.50,99.30,122.70,133.00,142.00,231.50,163.50,166.30,199.80,210.90,298.60,289.00,254.90,235.70,278.60,104.00,119.30,134.10,159.70,251.00,163.30,166.90,197.20,206.60,309.30,283.80,245.50,238.00,284.50,111.60,117.70,128.60,161.90,242.90,158.10,170.20,191.40,208.40,295.80,277.10,249.60,241.00,292.70,114.20,113.50,123.70,160.10,196.80,154.60,172.70,191.00,213.90,262.40,269.20,248.40,236.40,303.80,116.10,113.70,124.30,167.20,194.00,159.90,181.70,194.60,230.60,270.40,276.60,235.90,237.80,110.80,119.90,128.00,181.00,194.20,158.00,182.80,199.30,238.50,279.30,274.10,225.30,247.40,108.10,117.80,133.80,195.90,196.70,152.40,184.80,204.10,252.50,284.00,259.50,229.90,251.40,106.50,124.90,137.10,204.50,190.20,154.40,189.30,203.40,253.10,282.70,257.50,229.60,257.60
Lentil,119.80,136.40,166.80,190.50,161.10,126.70,127.50,147.90,165.40,202.90,199.00,189.40,187.40,120.10,136.60,166.20,184.00,156.20,122.10,129.50,147.10,166.30,204.90,196.30,188.50,186.00,119.50,140.80,164.90,182.30,154.00,120.60,130.10,146.00,168.40,205.50,194.60,188.80,187.80,102.50,126.10,143.30,165.10,186.80,155.30,120.80,131.80,149.70,171.90,202.80,192.10,186.30,187.00,107.40,127.10,145.50,177.00,190.20,148.50,120.70,134.90,150.80,176.10,202.50,188.10,185.80,188.00,109.70,130.60,146.20,186.30,191.00,144.50,117.80,137.10,155.10,179.60,200.60,187.70,189.10,188.50,115.20,131.50,147.90,188.40,190.70,137.50,117.90,137.50,157.50,179.90,202.10,186.50,190.40,189.40,119.20,132.20,150.20,195.60,185.60,136.00,121.00,137.30,158.00,184.00,204.40,186.80,188.90,195.90,119.00,132.70,152.60,195.10,182.00,138.30,121.80,137.30,159.00,197.30,199.70,191.50,187.20,118.60,130.90,152.10,197.00,179.20,133.80,121.70,137.00,162.80,203.30,199.80,191.30,187.50,118.10,134.10,153.90,198.80,176.80,130.90,121.20,140.50,166.30,203.40,202.10,193.10,190.00,117.40,135.60,157.50,195.50,169.60,130.30,124.60,143.20,163.80,201.70,199.80,189.20,187.40
Linseed,133.60,127.00,129.00,136.10,171.50,152.50,151.90,172.00,176.90,251.40,220.00,182.20,201.90,134.00,126.40,129.90,133.80,169.70,148.60,150.80,167.70,179.90,248.00,219.90,185.40,200.10,130.60,126.70,129.70,135.00,162.30,146.50,151.50,164.40,181.90,259.30,201.60,175.50,194.40,114.70,126.50,127.00,129.00,140.10,162.00,141.10,153.00,165.60,186.30,254.80,179.60,177.60,184.20,115.10,125.90,126.40,129.10,155.20,161.00,138.80,157.30,169.40,195.20,254.20,175.40,181.20,190.90,114.80,125.60,125.20,129.70,166.10,159.60,141.00,155.40,168.10,189.50,239.60,177.00,187.70,192.20,117.70,127.70,124.90,130.70,171.50,160.00,143.40,154.00,162.00,183.20,234.80,176.40,187.80,196.30,122.90,126.50,126.40,129.50,174.80,155.90,145.60,159.90,162.60,189.00,236.20,183.90,193.20,203.70,126.60,126.70,125.60,132.60,175.60,154.80,146.50,161.70,166.40,209.80,244.90,178.20,195.20,128.80,126.10,127.50,133.30,177.40,155.40,147.00,161.50,172.50,230.70,239.10,179.70,198.00,131.90,126.00,127.70,133.10,173.20,155.40,146.50,163.50,175.00,246.40,239.80,179.00,201.00,133.70,126.20,128.20,137.50,174.10,154.50,150.30,167.20,178.80,257.00,228.10,182.20,198.20
Maize,123.40,120.10,118.60,133.80,134.60,116.40,147.90,178.80,137.40,157.40,190.90,195.10,217.90,122.90,118.90,119.30,135.90,135.60,117.30,158.90,167.00,135.40,162.40,193.10,198.30,217.60,121.80,121.00,122.40,135.80,135.20,117.30,163.70,158.50,135.70,169.50,193.70,196.20,215.00,107.90,121.40,119.20,121.40,135.20,135.50,118.00,171.30,155.40,139.90,181.10,189.80,198.70,209.90,105.50,120.60,118.30,118.90,135.20,134.20,117.60,171.30,152.00,141.50,182.30,184.50,200.90,206.60,107.20,126.10,119.80,118.30,136.60,132.60,121.50,174.00,148.40,142.60,178.30,181.90,202.70,208.00,111.30,127.60,124.60,119.90,142.20,129.20,121.60,181.50,147.60,147.60,186.10,186.00,207.20,207.30,117.80,126.50,121.70,120.40,139.30,127.70,123.20,184.80,146.90,153.60,192.40,186.80,213.60,210.80,117.30,128.90,117.40,121.90,139.80,125.10,125.70,185.80,142.50,154.80,193.40,182.90,216.50,117.80,121.20,114.20,123.50,138.60,123.70,129.30,183.60,137.90,151.60,186.10,183.90,215.60,117.90,122.10,113.00,126.60,137.70,119.10,131.90,172.40,139.80,150.40,182.40,183.50,213.30,121.20,123.00,113.70,129.20,134.00,117.90,139.20,175.60,140.50,154.20,186.60,188.00,213.30
Mesta,109.00,122.00,129.80,173.20,127.90,107.90,128.50,138.60,183.20,187.90,201.50,172.50,172.60,111.50,121.30,130.00,173.90,126.00,116.90,132.80,137.20,181.50,192.00,192.80,169.50,169.20,119.30,120.70,133.10,170.70,129.10,122.90,133.90,136.60,186.80,187.60,175.20,169.70,182.20,97.70,120.00,120.50,135.60,170.70,130.60,123.20,130.60,136.60,189.70,195.40,156.90,171.70,186.00,96.90,120.00,122.50,136.80,172.30,128.10,118.30,132.30,136.60,188.90,205.10,155.40,170.80,188.70,97.90,117.40,122.90,138.20,170.70,128.60,120.10,135.30,136.20,185.90,206.90,158.00,172.10,189.40,104.80,118.10,124.20,138.60,168.10,129.90,122.10,131.50,135.00,179.40,208.20,161.60,172.50,190.00,102.70,117.40,123.40,139.90,159.30,129.10,124.00,132.90,133.30,181.20,209.50,164.10,177.00,190.40,104.80,117.40,119.30,139.90,153.60,130.20,121.40,133.30,132.60,182.00,211.90,170.90,182.20,105.20,117.40,121.00,140.50,153.10,126.60,122.60,133.30,133.50,183.40,212.60,175.00,174.10,110.50,117.80,122.50,144.70,147.60,124.00,122.60,133.30,133.90,181.10,212.80,175.90,171.40,108.90,119.50,128.10,158.00,147.40,113.60,128.10,136.60,157.20,183.20,211.10,179.40,171.80
Moong,116.90,126.50,159.10,167.10,119.70,112.20,125.80,151.30,166.70,164.10,167.70,200.90,189.30,117.10,129.30,155.70,161.00,116.90,113.00,128.20,156.60,169.70,166.10,167.80,202.40,188.80,118.30,132.60,150.70,158.70,115.40,114.10,127.80,162.00,169.20,168.80,172.80,205.10,187.60,96.30,120.00,135.50,151.40,162.20,120.80,111.50,128.20,174.20,169.70,167.70,180.80,209.60,187.80,96.00,118.90,137.80,155.70,161.90,120.10,113.00,130.90,179.70,169.60,166.30,178.60,210.30,187.90,96.60,119.00,136.80,170.20,155.40,116.80,112.40,135.60,176.10,167.40,165.10,184.80,202.80,184.90,103.60,118.00,142.50,165.30,150.40,113.00,115.00,137.10,173.60,163.50,166.20,189.00,198.80,183.50,108.70,113.90,142.20,164.80,143.50,112.60,118.90,137.20,170.40,162.50,167.60,188.60,194.60,186.70,108.40,117.50,141.20,167.50,134.70,112.90,119.80,138.70,164.30,164.90,166.20,197.30,192.20,112.20,122.90,144.60,173.50,131.60,111.50,118.10,139.70,162.60,166.30,166.20,203.90,190.90,113.50,126.40,148.50,178.10,127.40,109.80,121.60,146.70,165.10,164.70,165.70,202.00,187.30,115.40,126.70,153.90,168.80,122.70,110.70,123.00,149.60,168.50,165.10,168.20,203.90,186.00
Nigerseed,116.10,114.60,138.80,238.30,198.00,200.80,140.80,171.50,206.70,254.50,248.30,277.40,305.20,116.10,112.60,143.30,243.50,200.40,190.20,143.50,166.90,204.40,256.90,246.40,292.30,302.40,117.90,112.60,146.70,241.20,202.30,179.40,165.30,164.50,211.50,259.90,263.40,295.30,306.30,116.40,117.90,114.30,165.20,221.20,201.60,169.50,174.70,163.60,233.10,239.80,271.80,295.30,306.70,120.20,119.60,116.10,154.50,215.90,204.70,153.70,173.10,160.40,247.10,235.40,276.00,290.30,306.70,124.40,117.40,119.20,192.60,210.60,206.70,141.70,170.70,153.10,249.00,234.20,280.40,288.50,307.90,114.00,117.10,120.90,220.30,212.80,207.20,132.80,168.00,152.50,247.50,237.80,278.10,294.20,301.10,125.20,116.50,123.80,227.60,208.00,205.40,130.90,163.80,187.90,241.80,240.10,284.40,305.00,299.10,124.70,114.60,128.30,234.00,207.60,204.80,139.70,166.10,214.50,241.00,240.80,296.80,305.20,119.00,115.50,128.30,244.20,207.60,205.90,140.80,174.60,215.20,251.90,243.00,291.70,306.40,114.70,116.10,122.70,260.40,207.60,205.50,141.10,175.40,216.60,252.90,244.80,282.50,307.40,112.50,116.60,125.70,251.30,199.70,203.00,141.10,169.40,205.20,253.90,248.20,281.20,307.70
Onion,190.00,163.30,193.50,184.30,117.80,346.20,119.10,468.50,316.00,265.50,200.50,259.00,316.60,216.20,133.10,198.00,144.90,114.50,250.70,105.30,276.20,362.60,266.80,159.50,206.10,303.80,159.10,126.80,185.00,133.20,110.60,157.30,108.00,229.30,241.10,218.60,138.10,216.80,273.70,72.80,145.20,130.70,171.80,123.50,107.90,122.60,118.60,204.40,164.10,157.50,128.20,204.80,204.50,72.00,141.70,139.50,179.90,117.40,102.30,115.80,134.20,142.00,175.00,139.30,129.20,204.20,175.80,80.10,190.80,185.00,204.20,123.50,111.80,135.30,157.80,133.70,219.70,150.90,144.40,279.20,185.70,94.10,279.00,243.40,275.50,129.50,117.20,169.00,181.90,135.40,232.90,172.50,184.80,347.90,193.50,105.60,441.30,232.00,440.20,117.00,220.50,163.30,217.20,142.40,231.80,174.40,229.20,387.70,193.80,104.50,491.00,206.10,460.30,107.80,193.80,147.80,328.70,224.70,220.40,174.20,270.10,486.20,111.80,530.90,201.80,369.40,104.30,237.60,162.30,356.80,387.10,293.10,205.10,333.50,478.20,145.20,392.70,204.40,269.90,120.60,335.50,175.80,478.70,442.30,290.20,234.20,471.30,504.50,161.60,210.10,208.70,209.50,122.20,363.00,131.30,729.80,330.70,267.60,194.30,372.60,414.10
Paddy,116.70,131.10,133.50,135.80,143.80,150.40,155.80,162.30,162.00,162.90,174.60,191.30,203.10,117.90,132.30,134.10,135.30,146.40,151.40,156.50,162.30,161.70,161.70,175.60,193.60,203.60,118.70,132.60,132.00,135.20,147.70,152.60,156.60,159.30,161.50,163.10,175.40,196.00,203.60,104.20,120.40,133.70,132.60,136.30,147.60,153.30,157.00,162.70,162.00,164.40,176.20,197.40,201.10,104.20,121.90,136.00,134.20,139.10,148.00,154.20,157.60,163.10,162.20,165.10,177.20,198.10,199.60,107.00,124.90,137.20,133.60,142.20,148.40,153.90,158.40,165.60,161.70,165.50,178.20,199.70,199.80,111.00,129.40,139.60,133.40,144.20,149.10,155.00,159.90,165.80,161.20,166.20,181.20,201.10,201.30,114.00,132.00,140.50,133.90,144.60,148.50,155.60,160.80,165.40,161.80,168.80,184.30,201.10,200.30,116.10,131.30,140.50,135.20,144.70,148.80,155.70,161.90,165.00,162.30,171.70,187.10,202.10,116.60,131.00,140.00,135.80,145.10,149.60,155.70,162.70,163.70,162.80,173.60,189.90,204.40,116.30,131.30,138.00,135.60,145.00,149.20,155.50,162.10,163.10,162.80,173.30,191.40,205.90,115.90,130.60,134.60,135.40,144.20,148.80,155.70,162.00,162.20,162.60,173.70,192.00,205.30
Palm oil,93.00,107.70,94.90,89.20,108.70,111.60,111.00,138.10,166.70,189.60,163.80,144.80,207.90,93.40,108.20,95.00,91.80,108.30,113.50,112.90,135.70,173.80,201.80,164.20,147.40,210.90,94.20,111.80,96.30,95.50,106.80,118.10,110.30,132.80,184.30,217.10,164.20,152.30,214.90,112.50,94.90,110.90,95.30,99.30,105.90,122.00,109.90,128.30,195.30,227.40,163.70,156.50,212.90,113.30,95.30,109.40,95.10,101.40,104.40,123.30,107.90,125.50,204.80,233.20,159.80,155.70,204.20,112.40,97.20,105.80,95.20,101.10,104.50,124.30,106.50,129.80,194.30,220.00,153.00,153.70,194.90,112.50,99.60,106.10,95.00,99.50,104.40,121.60,105.00,131.80,195.40,201.50,152.20,154.50,192.00,111.90,102.80,103.20,92.20,102.80,103.60,118.00,106.90,136.60,197.00,196.10,151.30,155.80,195.00,108.90,104.70,99.00,89.80,105.50,106.20,118.70,110.20,138.90,193.80,175.90,146.40,166.90,100.00,105.80,97.90,90.10,103.40,107.50,118.20,111.70,143.00,192.90,171.70,146.20,180.80,96.00,107.50,95.60,90.00,103.00,109.80,113.00,115.80,151.20,191.90,170.00,145.50,198.30,92.10,109.40,94.90,89.70,106.40,110.80,109.20,127.30,161.20,188.80,163.00,145.10,202.20
Peas,118.40,103.40,113.60,120.50,120.20,130.00,167.70,182.40,172.90,191.40,160.40,181.10,195.30,113.00,105.80,106.50,112.40,119.70,127.30,155.70,182.30,178.60,195.10,160.20,180.20,173.70,123.20,116.70,124.70,112.40,122.20,129.00,168.20,180.10,188.70,187.90,166.90,185.20,169.30,113.20,136.20,129.90,126.10,136.60,133.30,145.50,179.00,187.80,217.70,209.60,195.50,189.70,180.80,123.10,139.70,135.60,136.90,146.30,136.10,149.90,185.10,194.90,219.00,223.50,199.50,208.50,189.20,134.30,153.10,139.80,150.00,158.20,130.20,150.50,189.90,199.60,216.50,220.60,196.00,214.80,194.90,147.40,151.70,145.70,142.10,156.60,137.60,154.00,190.70,200.00,214.00,218.30,215.90,221.70,207.10,143.30,147.40,147.20,139.70,147.40,141.40,158.40,194.90,202.40,217.60,230.10,224.00,229.90,208.80,153.80,157.10,146.40,148.20,147.40,142.30,157.60,199.90,205.10,219.00,235.70,227.40,258.80,146.60,157.00,147.30,142.70,153.70,142.40,183.00,200.60,213.50,209.70,250.20,236.40,262.30,131.80,150.20,136.50,140.30,152.20,141.20,203.90,202.40,230.20,237.00,223.10,235.80,241.10,124.80,131.90,119.10,122.80,134.70,137.80,189.90,177.40,187.10,199.20,175.90,184.30,218.40
Potato,142.30,155.60,137.50,123.00,102.50,111.40,141.40,262.30,200.70,171.70,184.60,169.10,295.40,129.80,144.30,116.20,127.60,96.80,108.10,131.40,211.20,147.50,170.60,146.00,168.40,216.30,124.10,158.30,109.20,133.20,91.10,130.50,133.80,215.90,143.80,181.70,135.20,206.80,199.70,142.40,148.90,188.90,100.50,167.70,99.50,170.80,143.10,231.90,162.30,194.50,157.00,270.00,204.40,155.90,168.50,224.00,105.50,194.10,109.00,205.50,157.90,240.90,178.00,232.00,190.00,311.70,220.00,186.50,176.90,248.50,118.40,214.30,112.50,224.60,170.10,265.70,183.10,259.10,204.30,339.90,231.40,194.60,181.10,265.90,130.60,230.40,132.60,232.30,176.20,297.90,188.60,291.40,220.30,390.00,233.60,198.00,170.80,289.90,132.00,235.50,132.00,226.00,175.70,322.30,201.80,291.40,221.40,394.00,220.00,189.40,162.40,310.70,131.20,229.80,122.30,220.00,170.40,372.60,190.20,284.90,213.00,378.00,172.90,187.90,315.40,138.20,214.70,119.60,232.60,187.00,410.00,204.60,296.50,209.70,374.80,171.10,249.90,320.20,152.20,201.80,119.60,225.50,206.30,491.10,254.50,289.50,210.70,384.40,147.90,213.80,201.10,137.20,128.50,117.70,167.00,250.60,364.40,209.60,251.70,191.10,366.70
Ragi,159.70,156.60,160.60,164.30,242.60,207.90,223.40,213.80,226.20,232.20,221.60,279.00,314.20,170.20,158.10,161.10,166.90,242.90,214.90,224.90,211.90,226.80,235.40,222.00,285.60,313.00,173.80,162.50,166.70,167.30,258.00,220.80,221.40,215.00,232.00,234.90,224.30,291.90,318.80,107.20,173.10,163.20,164.20,174.10,252.80,213.50,221.70,224.50,231.80,233.40,233.80,294.50,319.00,110.30,172.90,159.20,159.50,177.00,245.00,211.20,223.10,229.60,233.70,231.10,237.00,300.40,321.60,108.90,170.40,157.60,158.70,169.30,237.50,208.30,220.30,228.20,235.20,225.90,237.10,303.50,315.70,115.60,174.20,159.60,156.10,169.30,247.00,206.60,221.40,232.70,233.10,219.40,245.40,309.20,320.40,126.40,174.50,163.70,159.10,167.10,261.90,216.20,228.90,231.90,230.10,209.70,256.60,321.50,320.40,134.10,169.90,163.00,161.50,167.30,252.50,213.00,233.10,225.10,227.80,203.90,259.00,321.20,149.50,166.70,161.70,159.50,178.10,233.70,214.10,226.90,223.90,227.10,207.00,263.50,316.10,161.50,167.20,154.40,157.00,209.00,217.30,211.40,220.90,228.40,229.30,208.60,269.50,312.40,162.10,164.30,160.60,158.10,228.60,217.60,212.90,213.50,230.10,229.60,213.30,279.20,317.20
Rajma,149.20,186.60,157.80,155.00,165.50,141.20,133.60,141.80,179.50,248.70,239.60,233.50,228.00,161.40,183.80,156.20,155.00,165.10,137.00,133.00,142.70,183.70,244.90,240.60,233.70,224.90,164.80,183.20,155.00,155.00,163.00,134.10,131.20,142.20,197.20,246.70,240.10,234.60,224.30,134.70,166.10,180.20,157.20,153.80,162.20,132.60,131.90,142.20,199.80,246.30,238.60,230.60,228.30,138.70,166.70,172.60,156.70,158.30,160.00,132.50,132.20,142.90,200.00,246.80,238.20,231.80,224.80,146.90,167.20,172.50,157.00,158.40,157.50,132.20,133.00,145.50,201.90,245.00,241.80,237.90,230.50,151.20,171.60,173.00,155.00,159.50,157.90,132.30,132.90,145.90,206.10,250.40,243.80,242.50,237.60,153.90,174.90,166.90,155.00,153.90,157.30,133.20,134.30,145.50,217.40,257.10,249.80,242.00,239.30,151.20,174.60,162.70,155.00,153.80,157.80,132.80,135.90,147.80,220.30,253.30,250.00,242.40,153.90,175.90,162.00,155.00,157.70,156.10,132.20,137.70,153.40,224.00,253.20,246.40,243.50,157.60,180.50,159.90,155.00,160.40,151.30,133.00,142.50,155.60,227.20,246.30,244.20,236.20,148.40,185.80,157.70,155.00,166.10,144.90,134.80,141.30,167.40,250.30,237.80,243.20,229.50
Rapeseed & Mustard,138.00,120.40,127.10,154.30,147.70,137.60,144.50,152.90,177.50,216.80,196.20,163.60,189.80,132.60,119.30,128.00,135.30,143.40,136.80,143.30,150.50,178.90,216.60,185.90,162.80,188.50,121.60,118.50,126.70,132.30,135.30,136.10,139.40,148.20,172.90,210.90,176.20,162.20,185.00,117.90,117.70,116.90,127.50,144.20,130.60,136.80,138.20,147.30,181.10,208.30,171.70,163.00,190.20,118.40,117.40,115.90,138.60,147.40,130.70,136.90,139.20,148.60,196.00,210.80,167.50,164.30,193.10,119.30,117.40,117.70,143.00,150.80,129.90,137.40,141.50,151.90,200.20,206.00,162.00,172.00,197.60,129.50,116.50,121.10,143.80,155.00,131.00,140.80,141.90,154.60,202.30,204.00,163.80,173.40,205.70,134.60,116.90,121.00,145.10,155.90,133.30,143.80,143.20,159.30,210.90,201.60,166.20,174.20,217.00,136.70,119.00,122.00,148.00,155.50,134.60,145.60,144.00,164.00,219.10,198.20,165.40,182.50,141.00,120.10,122.30,158.80,152.80,134.20,145.80,144.90,166.40,224.00,197.40,166.00,191.90,142.20,122.90,124.30,163.20,153.50,135.60,146.60,146.50,171.90,225.10,201.90,167.10,191.80,141.20,122.70,129.10,161.30,151.20,138.20,145.70,150.10,171.30,222.80,199.30,165.30,189.90
Rapeseed & Mustard (Meal/Cake),165.30,149.10,166.40,245.70,226.70,180.40,190.20,203.20,222.40,246.90,196.80,228.30,190.10,152.20,148.10,162.00,237.20,199.80,187.90,187.60,197.70,224.10,245.30,192.90,217.00,178.50,148.30,152.50,164.90,231.40,195.80,190.40,187.60,200.60,217.80,241.40,193.50,207.50,177.50,130.00,149.90,153.50,175.00,232.90,196.80,186.70,184.40,183.10,233.70,238.10,197.60,202.60,178.90,143.50,147.90,155.60,183.80,236.20,193.90,186.00,186.40,181.80,238.70,204.60,197.60,210.40,184.40,145.10,146.50,151.90,181.70,240.80,188.20,184.20,188.60,181.20,234.80,202.70,200.70,216.60,184.80,159.10,144.40,148.70,181.00,244.90,175.50,181.80,189.00,183.90,239.90,198.60,205.00,213.20,182.70,174.50,143.20,146.20,222.60,246.30,172.10,184.70,190.40,189.50,246.90,201.00,211.20,211.10,185.20,176.20,146.00,148.60,232.00,244.50,170.60,186.70,195.40,196.60,251.50,193.60,221.00,214.60,181.20,150.80,149.00,240.60,244.20,173.00,191.70,200.10,208.10,256.80,192.00,228.70,209.20,185.10,153.30,155.80,243.60,247.20,180.40,192.00,206.70,220.80,261.10,196.00,233.50,202.40,178.30,152.80,168.90,252.10,239.00,181.60,191.90,206.40,221.00,255.10,199.00,232.70,196.80
Rapeseed & Mustard Oil,116.20,108.10,116.80,124.30,125.80,120.80,124.70,133.40,173.60,224.50,189.10,153.70,193.70,114.60,105.80,114.30,119.70,120.10,120.60,123.60,131.30,175.90,223.40,180.50,151.10,190.10,109.30,107.40,112.40,117.60,117.60,119.30,122.90,131.40,176.30,218.30,169.20,152.50,189.70,115.60,105.80,105.80,113.10,120.40,118.10,120.30,120.20,133.00,197.40,218.10,163.10,153.80,191.20,115.20,103.80,106.70,117.60,120.40,117.90,120.70,121.20,138.90,208.50,216.10,152.40,159.10,195.10,115.10,103.70,105.90,123.50,120.40,115.90,122.30,122.00,145.70,204.70,210.20,150.30,170.60,204.20,118.80,102.50,106.70,125.50,128.10,113.50,127.00,122.80,147.70,211.50,202.50,157.50,171.90,218.70,122.10,102.40,106.70,124.70,128.40,115.60,126.60,122.60,152.20,222.60,199.40,163.40,172.90,223.70,121.00,104.40,107.70,127.10,131.30,116.40,127.00,122.60,158.00,235.10,189.30,157.20,186.00,118.20,106.90,107.80,135.20,128.10,118.90,126.20,124.70,164.50,232.50,195.50,154.90,195.10,118.50,109.70,109.30,135.00,128.70,119.40,127.00,129.20,169.50,235.20,203.50,159.40,195.70,118.50,109.10,113.20,130.30,127.60,120.90,126.10,132.80,172.30,226.50,196.50,156.00,194.80
Rice,116.50,125.60,129.80,130.10,146.20,152.10,150.70,154.70,151.30,152.80,171.70,184.60,193.70,118.70,127.90,129.40,131.20,147.90,153.90,150.60,154.50,151.60,152.60,170.20,187.70,193.00,121.70,127.80,128.70,132.50,147.20,151.50,151.10,155.50,151.70,154.90,174.10,190.30,193.50,103.60,125.40,130.70,127.30,134.30,147.70,151.50,150.90,156.30,152.00,155.00,172.60,190.00,192.60,104.90,127.50,130.80,126.40,136.80,148.30,150.90,151.80,157.60,152.10,156.00,172.50,192.20,192.40,107.90,128.50,129.50,127.40,140.20,148.90,150.50,153.60,157.40,153.90,158.30,174.30,194.20,191.10,108.90,129.10,131.90,127.00,143.70,150.20,148.50,153.90,155.60,151.40,160.90,176.50,193.80,190.50,109.90,128.90,133.80,128.00,143.30,152.40,149.40,154.80,156.90,151.50,165.70,181.00,191.70,190.10,111.40,128.70,133.50,128.90,144.80,152.40,149.90,156.50,155.90,152.30,167.80,181.60,191.90,113.20,127.80,133.70,129.80,144.50,151.60,150.30,157.60,154.00,152.10,169.90,183.50,192.60,113.80,128.50,132.20,130.00,146.40,150.90,149.30,156.50,152.90,153.00,169.90,184.30,193.30,113.50,124.80,129.80,131.30,146.20,152.00,149.40,155.20,151.40,152.70,171.00,184.40,193.50
Safflower,112.80,108.20,93.70,109.00,114.10,138.80,155.30,200.30,167.20,217.60,208.20,183.40,195.50,115.70,107.10,94.80,111.10,117.00,139.20,157.50,186.70,169.40,209.90,197.80,178.80,203.00,115.20,112.00,94.50,110.10,124.80,139.00,156.80,164.50,164.90,225.40,194.00,188.80,220.20,103.90,119.40,125.40,104.20,108.90,126.00,137.80,167.60,155.60,177.00,229.60,181.40,182.30,225.90,110.90,115.90,124.50,110.10,115.50,127.80,134.60,178.10,157.20,179.80,212.30,175.60,169.90,268.10,112.70,118.90,93.20,108.10,111.80,129.30,137.80,183.00,160.20,181.80,195.10,176.80,175.00,290.90,116.10,118.90,94.80,105.80,111.40,134.10,134.80,181.20,162.40,183.80,199.30,168.60,167.70,322.70,118.10,114.60,94.10,107.40,112.00,139.30,136.00,187.20,162.70,188.40,203.50,167.80,173.30,348.40,120.30,112.80,94.30,105.30,112.90,140.20,139.30,187.90,157.40,193.80,208.20,172.80,183.40,117.80,112.30,93.00,105.00,113.50,137.20,143.50,194.80,161.60,193.90,204.00,165.10,189.10,114.80,112.70,92.30,105.90,112.30,135.60,150.50,196.00,163.40,203.90,208.50,174.70,195.60,114.80,112.10,93.40,106.40,113.90,133.20,155.50,196.30,164.90,206.40,212.90,186.00,196.00
Sesamum,159.30,147.80,125.50,108.50,116.40,132.20,171.00,184.70,173.00,184.50,206.60,239.20,213.40,161.20,142.50,121.90,105.70,117.80,133.40,174.40,188.70,174.10,184.40,211.30,232.50,205.50,161.60,145.40,119.80,104.70,115.60,130.10,170.30,189.80,176.00,186.30,208.60,236.10,207.50,123.70,160.50,147.10,116.30,119.20,116.40,128.10,167.30,191.60,178.60,187.20,210.30,233.60,199.30,122.10,155.20,140.80,112.90,119.60,116.30,126.80,165.60,193.80,175.90,189.10,208.40,232.30,200.90,120.40,155.00,138.70,116.10,117.20,114.30,128.10,160.70,194.00,179.00,184.60,219.00,232.50,199.80,125.60,157.20,138.50,116.10,116.00,113.20,130.00,165.00,191.70,177.40,177.40,225.90,229.30,196.40,134.80,157.20,141.90,114.60,123.70,115.90,133.90,169.00,188.60,182.10,181.60,228.80,229.80,199.30,137.90,159.60,136.80,110.50,122.60,119.70,141.30,173.20,182.30,183.00,181.90,229.70,227.10,138.10,149.70,136.00,110.10,118.50,118.50,150.10,177.80,176.20,184.90,184.90,227.90,227.40,143.30,159.70,130.20,109.50,118.80,120.40,160.80,178.80,171.30,187.40,189.10,232.80,221.90,149.70,164.50,127.60,108.00,117.30,128.30,168.80,182.00,175.00,187.40,191.80,234.40,213.50
Soya oil,111.10,106.10,102.60,100.80,108.10,110.70,112.70,121.70,151.60,170.20,171.50,125.20,169.80,112.10,105.80,102.10,99.90,106.20,111.30,113.50,121.30,153.50,178.10,163.80,125.10,171.40,107.50,107.40,100.00,99.70,105.40,112.60,112.50,118.20,161.90,196.10,151.10,130.10,174.70,108.30,108.10,106.90,98.90,101.40,103.00,114.40,111.60,119.30,173.00,201.60,147.60,129.70,176.90,109.00,109.10,106.60,98.00,102.00,102.60,112.60,111.40,116.40,183.50,206.30,137.00,129.40,172.60,107.10,107.50,105.10,97.00,101.80,103.40,111.60,111.50,115.30,180.90,198.60,129.90,131.00,166.60,113.50,108.30,104.80,98.00,102.40,103.10,112.00,110.80,118.10,179.60,179.90,132.50,132.40,164.70,115.20,107.40,103.90,95.90,102.70,103.60,111.70,111.20,120.60,182.90,175.90,134.50,131.20,168.00,116.00,106.70,101.20,96.90,103.80,105.80,111.40,111.60,123.60,188.00,168.10,128.60,135.60,109.40,107.50,101.50,97.30,105.40,105.20,112.60,112.30,128.60,180.60,171.90,127.10,152.00,110.20,107.20,99.20,98.60,106.70,105.80,111.80,113.70,137.70,174.80,181.40,130.20,167.00,110.80,105.80,98.30,100.50,107.80,106.10,111.10,117.60,146.30,170.20,174.50,127.10,169.40
Soybean,139.00,157.80,144.60,151.30,127.80,136.60,151.50,181.80,188.00,263.70,237.90,210.80,191.20,137.70,162.00,142.20,150.20,126.00,152.20,159.80,171.60,194.40,275.70,234.60,202.90,183.10,150.90,169.50,141.30,151.40,124.90,156.00,157.50,157.20,217.70,308.20,225.80,204.10,183.60,131.00,163.00,175.60,145.50,167.50,126.80,157.50,162.30,156.50,244.60,311.30,228.20,208.00,188.40,139.60,164.40,188.50,166.20,162.40,123.40,155.90,159.10,164.10,276.50,297.70,224.80,205.60,190.30,144.80,156.70,175.50,155.60,165.10,121.20,153.10,161.80,164.10,282.60,287.50,221.50,205.20,194.50,182.70,153.50,175.90,147.10,158.70,121.60,150.10,156.90,160.90,299.00,261.50,219.80,204.00,196.50,183.80,148.00,162.40,139.20,156.30,122.80,147.10,157.80,163.50,358.40,258.30,216.20,197.10,207.20,166.20,148.10,141.80,139.20,149.30,124.80,142.90,164.90,164.50,337.10,226.90,213.10,207.00,134.20,147.00,131.60,156.90,132.30,126.00,140.20,160.80,168.70,230.60,208.00,202.60,199.30,140.10,160.30,135.00,158.30,126.20,122.20,141.60,161.80,174.60,234.60,235.20,214.50,199.00,142.60,160.10,140.80,152.20,128.90,125.30,143.90,172.50,178.30,258.10,234.60,213.30,191.90
Sugarcane,104.90,124.30,124.30,159.70,167.60,169.50,169.50,169.50,189.40,199.80,210.10,217.00,234.20,104.90,124.30,124.30,159.70,167.60,169.50,169.50,169.50,196.30,199.80,210.10,217.00,234.20,104.90,124.30,124.30,159.70,167.60,169.50,169.50,169.50,196.30,199.80,210.10,217.00,234.20,100.00,104.90,124.30,150.30,159.70,167.60,169.50,169.50,169.50,196.30,199.80,210.10,217.00,234.20,100.00,104.90,124.30,150.30,159.70,167.60,169.50,169.50,169.50,196.30,199.80,210.10,217.00,234.20,103.90,104.90,124.30,150.30,159.70,167.60,169.50,169.50,169.50,196.30,199.80,210.10,217.00,234.20,101.20,104.90,124.30,150.30,159.70,167.60,169.50,169.50,189.40,196.30,199.80,210.10,217.00,234.20,104.90,104.90,124.30,150.30,159.70,167.60,169.50,169.50,189.40,196.30,199.80,210.10,217.00,234.20,104.90,104.90,124.30,150.30,159.70,167.60,169.50,169.50,189.40,196.30,199.80,210.10,217.00,104.90,109.40,124.30,150.30,164.40,167.60,169.50,169.50,189.40,196.30,210.10,217.00,234.20,104.90,124.30,124.30,150.30,167.60,169.50,169.50,169.50,189.40,199.80,210.10,217.00,234.20,104.90,124.30,124.30,150.30,167.60,169.50,169.50,169.50,189.40,199.80,210.10,217.00,234.20
Sunflower,115.00,110.40,108.00,118.50,110.00,99.80,119.70,124.20,142.50,169.50,163.90,132.90,142.60,116.10,112.20,109.80,118.10,108.50,100.60,127.40,123.60,161.50,182.60,165.90,125.70,141.80,111.10,114.50,106.90,118.10,106.80,104.40,122.90,114.80,174.00,202.60,153.00,126.10,146.80,101.90,111.90,109.90,105.80,115.50,104.20,107.20,120.80,109.80,169.80,198.90,149.90,123.60,145.60,101.70,111.80,108.80,110.20,114.30,102.60,98.90,121.90,107.60,176.40,190.20,141.80,120.40,144.80,104.80,118.00,111.10,109.40,112.70,98.30,101.30,120.90,115.10,160.20,187.70,137.10,121.50,140.20,112.80,112.30,106.60,109.00,112.50,96.80,104.80,117.50,116.00,169.50,180.00,141.20,124.30,142.10,118.40,121.90,110.40,112.60,112.00,94.50,105.90,121.50,120.10,184.10,184.40,153.20,126.20,146.20,113.70,117.60,108.20,116.40,113.50,98.40,111.40,120.50,126.00,174.90,180.00,152.10,131.00,115.30,114.40,110.10,117.10,113.00,99.10,116.60,121.60,129.30,171.50,166.50,144.60,139.20,117.40,112.10,107.30,119.10,110.10,99.20,117.50,121.50,125.70,163.80,171.40,140.10,140.20,116.00,114.50,107.20,119.70,109.40,100.20,118.20,124.30,127.00,169.40,165.10,138.50,142.60
Sunflower oil,108.30,100.90,95.90,104.20,106.40,105.80,110.40,116.20,150.90,152.30,155.60,124.40,156.20,109.30,101.20,95.80,102.80,105.60,106.30,110.50,114.10,157.60,156.40,147.30,128.50,159.30,107.10,100.50,94.10,101.30,103.90,107.40,109.40,112.80,165.60,173.00,140.70,127.90,160.00,102.20,107.50,101.20,94.70,105.40,102.50,107.40,108.70,115.10,172.40,181.80,134.70,126.80,160.80,102.00,107.10,97.40,99.10,104.70,101.80,108.30,108.50,116.30,175.00,184.10,128.50,127.60,161.20,101.00,110.50,96.90,99.60,104.00,101.40,109.20,109.40,119.20,162.80,180.90,126.20,128.60,160.40,105.50,108.20,96.30,99.30,104.00,102.40,109.80,110.50,119.60,161.60,175.10,127.30,129.00,160.30,106.20,110.20,95.30,98.50,103.60,101.90,110.60,112.40,121.60,160.50,170.10,127.30,129.20,161.50,107.00,110.60,91.70,102.00,105.50,102.10,111.70,112.40,130.10,161.30,162.90,124.10,138.40,105.70,109.60,92.90,105.90,105.30,101.70,111.40,112.40,134.20,160.20,165.70,124.00,147.00,106.20,108.60,93.20,103.30,105.10,102.70,110.30,113.20,138.00,153.40,166.90,125.90,155.10,106.20,103.70,93.60,104.70,106.80,105.00,110.00,116.00,145.20,152.20,160.80,124.80,156.70
Tobacco,104.00,108.50,113.60,113.60,113.60,113.60,113.60,113.60,113.60,113.60,113.60,113.60,113.60,104.00,109.40,113.60,113.60,113.60,113.60,113.60,113.60,113.60,113.60,113.60,113.60,113.60,104.00,110.00,112.70,113.60,113.60,113.60,113.60,113.60,113.60,113.60,113.60,113.60,113.60,100.00,104.00,110.00,113.60,113.60,113.60,113.60,113.60,113.60,113.60,113.60,113.60,113.60,113.60,100.00,104.00,117.10,113.60,113.60,113.60,113.60,113.60,113.60,113.60,113.60,113.60,113.60,113.60,100.00,105.80,112.20,113.60,113.60,113.60,113.60,113.60,113.60,113.60,113.60,113.60,113.60,113.60,100.00,104.00,112.90,113.60,113.60,113.60,113.60,113.60,113.60,113.60,113.60,113.60,113.60,113.60,100.00,104.00,112.90,113.60,113.60,113.60,113.60,113.60,113.60,113.60,113.60,113.60,113.60,113.60,100.00,104.00,113.60,113.60,113.60,113.60,117.20,113.60,113.60,113.60,113.60,113.60,113.60,100.00,104.00,113.60,113.60,113.60,113.60,113.60,113.60,113.60,113.60,113.60,113.60,113.60,102.00,110.90,113.60,113.60,113.60,113.60,113.60,113.60,113.60,113.60,113.60,113.60,113.60,104.00,108.50,113.60,113.60,113.60,113.60,113.60,113.60,113.60,113.60,113.60,113.60,113.60
Tomato,88.30,79.50,131.30,144.80,91.40,119.70,167.50,200.00,175.70,272.80,162.30,254.80,206.30,73.70,79.60,119.20,103.60,110.10,95.50,133.40,158.40,163.40,194.10,167.80,269.30,160.80,84.10,82.10,122.70,99.40,126.10,92.70,161.80,135.70,142.10,162.10,191.10,250.10,142.60,129.30,106.90,102.40,166.70,142.70,118.80,111.20,208.80,146.70,147.20,204.00,173.60,244.00,149.70,138.30,162.90,101.10,168.70,179.00,98.60,104.60,287.20,125.80,132.20,421.90,159.80,262.80,176.70,144.80,186.10,108.30,196.00,209.40,147.80,147.20,318.90,173.50,145.20,553.30,249.40,393.60,277.40,182.30,158.30,248.30,164.10,147.50,456.60,232.30,326.30,388.40,228.50,301.80,1015.00,630.50,361.20,147.20,184.80,325.10,149.30,114.90,413.30,190.40,299.30,345.30,235.70,249.80,817.60,385.70,475.20,107.00,206.40,213.90,164.40,116.60,219.30,140.20,217.80,434.00,214.30,354.30,221.00,383.10,105.50,269.50,168.40,220.90,132.30,260.30,141.00,341.90,389.90,415.30,437.40,189.90,644.50,111.40,258.80,139.10,293.90,114.40,422.60,144.10,302.70,339.60,560.90,266.60,330.70,425.80,86.60,151.00,147.20,211.30,95.30,224.50,139.70,191.50,268.50,520.10,181.80,330.30,346.40
Tur,109.10,118.10,134.30,215.80,140.70,114.90,127.80,152.00,166.80,175.80,195.40,256.20,259.10,110.60,118.40,139.10,205.50,133.10,116.50,133.60,152.80,173.20,176.40,197.30,263.60,238.80,116.30,119.00,144.80,201.20,126.00,116.60,132.40,150.90,175.00,177.90,201.70,261.50,229.80,97.10,118.10,120.60,148.40,217.50,127.20,115.30,136.80,155.70,177.40,176.10,207.10,268.30,221.80,99.70,118.20,121.00,157.30,216.80,121.60,115.90,143.70,157.00,179.70,175.70,211.60,291.60,214.80,101.60,117.70,120.10,173.70,217.20,118.30,113.20,149.50,158.60,178.80,174.20,226.30,303.50,205.60,108.60,116.50,122.20,174.80,215.10,114.10,111.20,150.20,160.10,174.40,180.30,238.50,306.80,197.60,115.60,116.70,126.80,185.50,195.00,115.40,110.80,153.00,160.90,177.40,188.80,248.50,303.90,196.20,118.60,117.20,126.50,196.90,184.60,118.40,110.80,150.50,165.80,179.90,191.20,267.30,300.70,116.30,118.40,126.30,219.00,182.40,113.80,109.40,150.40,173.60,180.80,192.20,272.00,294.80,114.40,119.00,127.70,217.10,178.90,111.60,114.00,153.60,174.50,176.20,193.70,273.50,286.70,110.20,118.40,128.20,222.80,166.00,112.60,123.90,154.60,169.10,176.50,194.70,267.90,273.80
Urad,96.50,105.70,131.60,206.10,167.60,114.80,123.50,180.90,194.00,178.00,189.00,211.60,210.70,96.30,108.50,132.10,199.30,158.10,112.60,124.50,179.60,196.60,175.90,184.60,215.80,211.20,96.50,108.30,133.70,198.20,151.10,112.10,122.10,176.90,196.70,176.70,185.60,218.20,207.40,90.70,96.20,109.70,138.80,213.00,149.50,110.50,123.50,180.60,195.30,176.30,189.00,223.40,204.30,90.80,96.30,115.10,149.70,231.00,145.70,108.40,128.50,187.70,196.20,174.30,185.30,227.80,202.30,92.10,95.20,116.50,160.40,247.60,140.80,105.90,132.10,184.00,194.20,175.30,196.50,227.90,199.70,97.90,96.60,122.30,162.80,243.70,134.10,106.90,131.50,181.70,182.90,177.40,195.80,224.80,195.80,102.30,96.30,127.00,167.70,229.30,127.20,109.80,131.80,180.90,179.90,178.30,196.90,223.30,195.20,102.30,97.10,128.00,171.80,211.60,129.10,107.60,133.00,177.60,181.50,179.90,205.50,220.80,99.30,97.90,124.30,196.90,199.00,127.70,111.00,136.10,181.50,179.50,184.00,207.20,220.50,97.50,103.10,124.00,204.70,188.40,123.70,118.60,162.10,188.10,179.70,186.20,217.10,217.60,97.20,103.70,124.70,203.40,178.40,121.00,123.30,177.00,191.00,181.00,190.00,216.60,212.90
Wheat,121.60,130.00,126.30,134.10,151.30,140.80,154.80,168.70,149.10,164.60,203.90,197.50,219.60,123.60,128.80,125.90,134.10,149.30,140.00,157.20,167.30,149.60,166.10,196.80,201.40,220.80,122.80,127.50,125.90,134.10,142.90,141.20,155.50,162.90,150.30,171.40,187.10,201.00,217.10,104.60,120.10,123.50,125.10,132.90,141.00,140.90,151.50,161.20,156.10,173.30,186.40,197.00,211.60,105.40,118.90,120.90,124.10,134.50,137.50,141.70,150.70,161.50,157.40,174.10,184.90,196.00,207.80,104.40,121.90,120.40,122.30,136.50,136.10,143.10,150.80,158.50,155.70,171.80,187.30,199.00,206.50,105.80,122.30,121.90,124.80,137.90,136.30,145.00,153.40,157.30,152.80,173.60,187.50,200.20,209.00,116.00,123.10,122.50,126.10,139.10,137.10,148.60,156.50,154.20,153.90,180.60,191.10,202.00,211.80,119.40,124.60,121.80,126.20,140.00,137.60,149.80,158.30,150.00,156.60,181.80,193.30,205.20,117.40,125.70,122.30,128.50,140.80,138.00,151.10,160.40,147.40,159.40,185.30,194.10,209.60,120.70,127.60,123.70,129.90,147.90,139.40,152.20,164.50,147.90,162.90,192.40,197.30,214.10,121.70,128.60,125.80,131.90,152.30,139.40,152.80,165.70,147.30,164.10,198.20,197.40,215.80
Wheat Atta,122.10,127.30,132.80,130.00,151.30,140.50,153.90,160.70,143.30,155.00,194.70,190.60,215.40,122.10,130.10,130.80,130.90,148.40,140.70,155.40,158.60,143.80,155.60,189.80,187.70,216.00,120.60,127.90,128.00,130.50,145.30,140.80,154.40,158.70,144.10,160.60,182.00,187.10,210.50,104.90,119.00,129.20,128.00,130.10,142.30,140.60,151.10,156.30,145.60,163.30,177.20,185.20,202.30,100.20,117.40,124.30,126.20,131.70,138.80,139.20,150.50,152.30,144.70,164.20,176.20,185.40,198.80,101.70,123.80,125.40,125.70,136.00,136.10,139.80,151.20,149.20,143.70,163.20,178.60,187.40,198.90,106.20,124.60,128.00,127.10,137.80,137.00,143.60,152.80,149.10,143.90,168.90,179.60,190.40,201.40,115.90,125.20,126.90,125.10,139.40,138.60,148.40,155.30,147.90,146.90,178.50,183.20,195.80,204.60,120.20,124.80,130.20,126.20,141.60,138.00,151.40,156.10,145.30,150.80,180.60,185.60,199.60,121.90,126.10,127.60,129.30,144.00,139.40,152.10,157.30,142.60,153.10,182.40,189.40,207.40,122.00,126.00,130.30,130.40,151.70,141.00,152.10,158.70,141.90,154.20,188.60,190.70,212.50,125.70,130.10,132.00,129.90,153.20,140.60,154.00,159.10,141.70,154.30,191.60,189.30,213.40